{"id":768701288,"status":2,"title":"Projects","order":65546,"templateKey":null,"customTemplate":false,"customTemplateFilename":null,"pageLinks":["10","1","6","8","7"],"dateCreated":"2023-01-10T23:09:55.669Z","dateUpdated":"2023-01-10T23:11:40.707Z","folderId":null,"pageName":"Projects_768701288","customColors":[{"color":"#f4f4f4","status":0,"transparency":0.62,"index":0},{"color":"#cacdd2","status":1,"index":1},{"color":"#ffdc00","status":0,"transparency":1,"index":4},{"color":"#dd980d","status":0,"transparency":1,"index":5},{"color":"#ffbb00","status":0,"transparency":1,"index":6},{"color":"#8946fd","status":0,"transparency":0.84,"index":7}]}