{"id":208236887,"status":2,"title":"Brain Phantom Synthesis","order":65549,"templateKey":null,"customTemplate":false,"customTemplateFilename":null,"pageLinks":["768701288"],"dateCreated":"2023-04-20T23:04:55.624Z","dateUpdated":"2023-04-20T23:04:55.640Z","folderId":null,"pageName":"Brain Phantom Synthesis_208236887","customColors":[{"color":"#f4f4f4","status":0,"transparency":0.62,"index":0},{"color":"#cacdd2","status":1,"index":1},{"color":"#ffdc00","status":0,"transparency":1,"index":4},{"color":"#dd980d","status":0,"transparency":1,"index":5},{"color":"#ffbb00","status":0,"transparency":1,"index":6},{"color":"#8946fd","status":0,"transparency":0.84,"index":7}]}